cohort_month,cohort_size,months_since,active,retention_pct
2016-09-01,4,0,4,100.0
2016-10-01,321,0,321,100.0
2016-12-01,1,0,1,100.0
2016-12-01,1,1,1,100.0
2017-01-01,764,0,764,100.0
2017-01-01,3,1,3,100.0
2017-01-01,2,2,2,100.0
2017-01-01,1,3,1,100.0
2017-01-01,3,4,3,100.0
2017-01-01,1,5,1,100.0
2017-02-01,1752,0,1752,100.0
2017-02-01,4,1,4,100.0
2017-02-01,5,2,5,100.0
2017-02-01,2,3,2,100.0
2017-02-01,7,4,7,100.0
2017-02-01,2,5,2,100.0
2017-03-01,2636,0,2636,100.0
2017-03-01,13,1,13,100.0
2017-03-01,10,2,10,100.0
2017-03-01,10,3,10,100.0
2017-03-01,9,4,9,100.0
2017-03-01,4,5,4,100.0
2017-04-01,2352,0,2352,100.0
2017-04-01,14,1,14,100.0
2017-04-01,5,2,5,100.0
2017-04-01,4,3,4,100.0
2017-04-01,8,4,8,100.0
2017-04-01,6,5,6,100.0
2017-05-01,3596,0,3596,100.0
2017-05-01,18,1,18,100.0
2017-05-01,18,2,18,100.0
2017-05-01,14,3,14,100.0
2017-05-01,11,4,11,100.0
2017-05-01,12,5,12,100.0
2017-06-01,3139,0,3139,100.0
2017-06-01,15,1,15,100.0
2017-06-01,11,2,11,100.0
2017-06-01,13,3,13,100.0
2017-06-01,8,4,8,100.0
2017-06-01,12,5,12,100.0
2017-07-01,3894,0,3894,100.0
2017-07-01,20,1,20,100.0
2017-07-01,14,2,14,100.0
2017-07-01,10,3,10,100.0
2017-07-01,11,4,11,100.0
2017-07-01,8,5,8,100.0
2017-08-01,4184,0,4184,100.0
2017-08-01,29,1,29,100.0
2017-08-01,14,2,14,100.0
2017-08-01,11,3,11,100.0
2017-08-01,15,4,15,100.0
2017-08-01,22,5,22,100.0
2017-09-01,4130,0,4130,100.0
2017-09-01,28,1,28,100.0
2017-09-01,22,2,22,100.0
2017-09-01,12,3,12,100.0
2017-09-01,19,4,19,100.0
2017-09-01,9,5,9,100.0
2017-10-01,4470,0,4470,100.0
2017-10-01,31,1,31,100.0
2017-10-01,11,2,11,100.0
2017-10-01,4,3,4,100.0
2017-10-01,10,4,10,100.0
2017-10-01,9,5,9,100.0
2017-11-01,7304,0,7304,100.0
2017-11-01,40,1,40,100.0
2017-11-01,28,2,28,100.0
2017-11-01,13,3,13,100.0
2017-11-01,14,4,14,100.0
2017-11-01,13,5,13,100.0
2017-12-01,5487,0,5487,100.0
2017-12-01,14,1,14,100.0
2017-12-01,15,2,15,100.0
2017-12-01,19,3,19,100.0
2017-12-01,15,4,15,100.0
2017-12-01,11,5,11,100.0
2018-01-01,7025,0,7025,100.0
2018-01-01,24,1,24,100.0
2018-01-01,27,2,27,100.0
2018-01-01,20,3,20,100.0
2018-01-01,20,4,20,100.0
2018-01-01,11,5,11,100.0
2018-02-01,6451,0,6451,100.0
2018-02-01,25,1,25,100.0
2018-02-01,25,2,25,100.0
2018-02-01,19,3,19,100.0
2018-02-01,17,4,17,100.0
2018-02-01,14,5,14,100.0
2018-03-01,6965,0,6965,100.0
2018-03-01,32,1,32,100.0
2018-03-01,22,2,22,100.0
2018-03-01,20,3,20,100.0
2018-03-01,9,4,9,100.0
2018-03-01,9,5,9,100.0
2018-04-01,6711,0,6711,100.0
2018-04-01,39,1,39,100.0
2018-04-01,21,2,21,100.0
2018-04-01,16,3,16,100.0
2018-04-01,9,4,9,100.0
2018-05-01,6622,0,6622,100.0
2018-05-01,35,1,35,100.0
2018-05-01,18,2,18,100.0
2018-05-01,14,3,14,100.0
2018-06-01,5940,0,5940,100.0
2018-06-01,25,1,25,100.0
2018-06-01,17,2,17,100.0
2018-06-01,1,4,1,100.0
2018-07-01,6071,0,6071,100.0
2018-07-01,44,1,44,100.0
2018-07-01,2,2,2,100.0
2018-08-01,6271,0,6271,100.0
2018-08-01,7,1,7,100.0
2018-08-01,2,2,2,100.0
2018-09-01,5,0,5,100.0
2018-10-01,1,0,1,100.0
