base_month,active_base_month,retained_next_month,retention_pct,churn_pct
2016-09-01,4,0.0,0.0,100.0
2016-10-01,321,0.0,0.0,100.0
2016-12-01,1,1.0,100.0,0.0
2017-01-01,765,3.0,0.4,99.6
2017-02-01,1755,4.0,0.2,99.8
2017-03-01,2642,13.0,0.5,99.5
2017-04-01,2372,14.0,0.6,99.4
2017-05-01,3625,18.0,0.5,99.5
2017-06-01,3180,17.0,0.5,99.5
2017-07-01,3947,23.0,0.6,99.4
2017-08-01,4246,33.0,0.8,99.2
2017-09-01,4212,32.0,0.8,99.2
2017-10-01,4561,37.0,0.8,99.2
2017-11-01,7430,41.0,0.6,99.4
2017-12-01,5603,19.0,0.3,99.7
2018-01-01,7166,28.0,0.4,99.6
2018-02-01,6569,26.0,0.4,99.6
2018-03-01,7115,36.0,0.5,99.5
2018-04-01,6882,45.0,0.7,99.3
2018-05-01,6814,39.0,0.6,99.4
2018-06-01,6128,26.0,0.4,99.6
2018-07-01,6230,50.0,0.8,99.2
2018-08-01,6460,8.0,0.1,99.9
2018-09-01,14,1.0,7.1,92.9
2018-10-01,4,0.0,0.0,100.0
